INSERT INTO public.user (id,username,description,points,created_at,updated_at,deleted_at) VALUES
	 ('a344e57f-9b17-4ab5-a2b0-b33503772f29','Yann','Lorem ipsum dolor sit amet, consectetur adipiscing elit, sed do eiusmod tempor incididunt ut labore et dolore magna aliqua. Ut enim ad minim veniam, quis nostrud exercitation ullamco laboris nisi ut aliquip ex ea commodo consequat. Duis aute irure dolor in reprehenderit in voluptate velit esse cillum dolore eu fugiat nulla pariatur. Excepteur sint occaecat cupidatat non proident, sunt in culpa qui officia deserunt mollit anim id est laborum',1000,'2022-06-20 18:04:45.541+02','2022-06-20 18:04:52.72+02',NULL),
	 ('e9580064-3912-4998-a749-4df2ffb5c22d','Esteban','Lorem ipsum dolor sit amet, consectetur adipiscing elit, sed do eiusmod tempor incididunt ut labore et dolore magna aliqua. Ut enim ad minim veniam, quis nostrud exercitation ullamco laboris nisi ut aliquip ex ea commodo consequat. Duis aute irure dolor in reprehenderit in voluptate velit esse cillum dolore eu fugiat nulla pariatur. Excepteur sint occaecat cupidatat non proident, sunt in culpa qui officia deserunt mollit anim id est laborum',0,'2022-06-20 18:04:45.541+02','2022-06-20 18:04:52.72+02',NULL),
	 ('95eabf92-cb23-43c1-8ab0-99464d28fa9e','Maxime P','Lorem ipsum dolor sit amet, consectetur adipiscing elit, sed do eiusmod tempor incididunt ut labore et dolore magna aliqua. Ut enim ad minim veniam, quis nostrud exercitation ullamco laboris nisi ut aliquip ex ea commodo consequat. Duis aute irure dolor in reprehenderit in voluptate velit esse cillum dolore eu fugiat nulla pariatur. Excepteur sint occaecat cupidatat non proident, sunt in culpa qui officia deserunt mollit anim id est laborum',0,'2022-06-20 18:04:45.541+02','2022-06-20 18:04:52.72+02',NULL),
	 ('b2dbc651-29db-444d-98f0-a1cc9067f96a','Alexis B','Lorem ipsum dolor sit amet, consectetur adipiscing elit, sed do eiusmod tempor incididunt ut labore et dolore magna aliqua. Ut enim ad minim veniam, quis nostrud exercitation ullamco laboris nisi ut aliquip ex ea commodo consequat. Duis aute irure dolor in reprehenderit in voluptate velit esse cillum dolore eu fugiat nulla pariatur. Excepteur sint occaecat cupidatat non proident, sunt in culpa qui officia deserunt mollit anim id est laborum',100,'2022-06-20 18:04:45.541+02','2022-06-20 18:04:52.72+02',NULL),
	 ('d98ba006-1020-48fc-8997-6570224ee733','Maxime F','Lorem ipsum dolor sit amet, consectetur adipiscing elit, sed do eiusmod tempor incididunt ut labore et dolore magna aliqua. Ut enim ad minim veniam, quis nostrud exercitation ullamco laboris nisi ut aliquip ex ea commodo consequat. Duis aute irure dolor in reprehenderit in voluptate velit esse cillum dolore eu fugiat nulla pariatur. Excepteur sint occaecat cupidatat non proident, sunt in culpa qui officia deserunt mollit anim id est laborum',0,'2022-06-20 18:04:45.541+02','2022-06-20 18:04:52.72+02',NULL),
	 ('36b7665f-5a45-4cd0-ac2a-170f0f94e763','Alexandre (Admin)','Lorem ipsum dolor sit amet, consectetur adipiscing elit, sed do eiusmod tempor incididunt ut labore et dolore magna aliqua. Ut enim ad minim veniam, quis nostrud exercitation ullamco laboris nisi ut aliquip ex ea commodo consequat. Duis aute irure dolor in reprehenderit in voluptate velit esse cillum dolore eu fugiat nulla pariatur. Excepteur sint occaecat cupidatat non proident, sunt in culpa qui officia deserunt mollit anim id est laborum',0,'2022-06-20 18:04:45.541+02','2022-06-20 18:04:52.72+02',NULL),
	 ('e2944093-7d0d-4879-9a1c-7c4bd393b524','Simon (Delete)','Lorem ipsum dolor sit amet, consectetur adipiscing elit, sed do eiusmod tempor incididunt ut labore et dolore magna aliqua. Ut enim ad minim veniam, quis nostrud exercitation ullamco laboris nisi ut aliquip ex ea commodo consequat. Duis aute irure dolor in reprehenderit in voluptate velit esse cillum dolore eu fugiat nulla pariatur. Excepteur sint occaecat cupidatat non proident, sunt in culpa qui officia deserunt mollit anim id est laborum',0,'2022-06-20 18:04:45.541+02','2022-06-20 18:04:52.72+02',NULL),
	 ('62c076ed-1fde-47c8-9de7-f422bc3aca7f','Julien (User)','Lorem ipsum dolor sit amet, consectetur adipiscing elit, sed do eiusmod tempor incididunt ut labore et dolore magna aliqua. Ut enim ad minim veniam, quis nostrud exercitation ullamco laboris nisi ut aliquip ex ea commodo consequat. Duis aute irure dolor in reprehenderit in voluptate velit esse cillum dolore eu fugiat nulla pariatur. Excepteur sint occaecat cupidatat non proident, sunt in culpa qui officia deserunt mollit anim id est laborum',500,'2022-06-20 18:04:45.541+02','2022-06-20 18:04:52.72+02',NULL),
	 ('5d7f7792-b36e-4555-b864-1b053f9db291','Nils (Create)','Lorem ipsum dolor sit amet, consectetur adipiscing elit, sed do eiusmod tempor incididunt ut labore et dolore magna aliqua. Ut enim ad minim veniam, quis nostrud exercitation ullamco laboris nisi ut aliquip ex ea commodo consequat. Duis aute irure dolor in reprehenderit in voluptate velit esse cillum dolore eu fugiat nulla pariatur. Excepteur sint occaecat cupidatat non proident, sunt in culpa qui officia deserunt mollit anim id est laborum',0,'2022-06-20 18:04:45.541+02','2022-06-20 18:04:52.72+02',NULL),
	 ('8e2bb29c-c8b4-4d33-bf71-7b9e2a58da35','Arsène (Update)','Lorem ipsum dolor sit amet, consectetur adipiscing elit, sed do eiusmod tempor incididunt ut labore et dolore magna aliqua. Ut enim ad minim veniam, quis nostrud exercitation ullamco laboris nisi ut aliquip ex ea commodo consequat. Duis aute irure dolor in reprehenderit in voluptate velit esse cillum dolore eu fugiat nulla pariatur. Excepteur sint occaecat cupidatat non proident, sunt in culpa qui officia deserunt mollit anim id est laborum',300,'2022-06-20 18:04:45.541+02','2022-06-20 18:04:52.72+02',NULL),
	 ('0d62d27a-f016-4099-a7b8-6312840c42cd','Alexis L','Lorem ipsum dolor sit amet, consectetur adipiscing elit, sed do eiusmod tempor incididunt ut labore et dolore magna aliqua. Ut enim ad minim veniam, quis nostrud exercitation ullamco laboris nisi ut aliquip ex ea commodo consequat. Duis aute irure dolor in reprehenderit in voluptate velit esse cillum dolore eu fugiat nulla pariatur. Excepteur sint occaecat cupidatat non proident, sunt in culpa qui officia deserunt mollit anim id est laborum',0,'2022-06-20 18:04:45.541+02','2022-06-20 18:04:52.72+02',NULL);

INSERT INTO public.auth_role (id,name,description,created_at,updated_at,deleted_at) VALUES
	 ('28fae61c-8f60-4a29-ba0d-09093ada8898','admin','A cool role','2022-06-20 18:51:25.017+02','2022-06-20 18:51:27.921+02',NULL),
	 ('cdccf05d-a8b9-4455-a373-595eae252adf','user','A cool role','2022-06-20 18:51:25.017+02','2022-06-20 18:51:27.921+02',NULL),
	 ('17027a3b-85e0-4ea6-8b02-e6941d4a6043','special 1','A cool role','2022-06-20 18:51:25.017+02','2022-06-20 18:51:27.921+02',NULL),
	 ('be5616ef-7335-472f-bdb0-0dea7f322f74','special 2','A cool role','2022-06-20 18:51:25.017+02','2022-06-20 18:51:27.921+02',NULL),
	 ('8923f1b4-b6c3-4356-957d-25386cb9c99c','special 3','A cool role','2022-06-20 18:51:25.017+02','2022-06-20 18:51:27.921+02',NULL);

INSERT INTO public.auth_role_policies (id,"action",resource,"attributes",role_id,created_at,updated_at,deleted_at) VALUES
	 ('6191a2f2-6f2c-4218-bc08-73b20b59a6a1','manage','user',NULL,'28fae61c-8f60-4a29-ba0d-09093ada8898','2022-06-20 18:55:20.062+02','2022-06-20 18:55:22.347+02',NULL),
	 ('7d04d780-e23c-4c95-9475-f3662f7a7819','create','user',NULL,'17027a3b-85e0-4ea6-8b02-e6941d4a6043','2022-06-20 18:55:20.062+02','2022-06-20 18:55:22.347+02',NULL),
	 ('386daf5e-a2ee-4cd1-8da2-432e21276e97','update','user',NULL,'be5616ef-7335-472f-bdb0-0dea7f322f74','2022-06-20 18:55:20.062+02','2022-06-20 18:55:22.347+02',NULL),
	 ('469a46f7-d211-4ff2-a13e-c1d33bffbdff','delete','user',NULL,'8923f1b4-b6c3-4356-957d-25386cb9c99c','2022-06-20 18:55:20.062+02','2022-06-20 18:55:22.347+02',NULL),
	 ('42762ee6-42cd-40ed-a557-6a6bdf9d73bc','read','user','{
	"id": "@Replace::@me"
}','cdccf05d-a8b9-4455-a373-595eae252adf','2022-06-20 18:55:20.062+02','2022-06-20 18:55:22.347+02',NULL);

INSERT INTO public.auth_subject (id,internal_identifier,"type",created_at,updated_at,deleted_at) VALUES
	 ('0eda790a-e497-40a2-98fa-1bcc0222e305','36b7665f-5a45-4cd0-ac2a-170f0f94e763','user','2022-06-20 18:35:55.047+02','2022-06-20 18:35:57.264+02',NULL),
	 ('2649124a-65d2-43e4-a574-d3db2a8ae191','5d7f7792-b36e-4555-b864-1b053f9db291','user','2022-06-20 18:35:55.047+02','2022-06-20 18:35:57.264+02',NULL),
	 ('18fa26e9-5ce6-4393-9658-60f569ca04bc','62c076ed-1fde-47c8-9de7-f422bc3aca7f','user','2022-06-20 18:35:55.047+02','2022-06-20 18:35:57.264+02',NULL),
	 ('66db24e5-df22-444b-878b-fb8cfe4c6eed','8e2bb29c-c8b4-4d33-bf71-7b9e2a58da35','user','2022-06-20 18:35:55.047+02','2022-06-20 18:35:57.264+02',NULL),
	 ('df1003b8-9e41-4303-ac7b-0c530baf9112','e2944093-7d0d-4879-9a1c-7c4bd393b524','user','2022-06-20 18:35:55.047+02','2022-06-20 18:35:57.264+02',NULL),
	 ('9ba4cab4-1f85-423f-a87a-fb6f12775718','95eabf92-cb23-43c1-8ab0-99464d28fa9e','user','2022-06-20 18:35:55.047+02','2022-06-20 18:35:57.264+02',NULL);

INSERT INTO public.auth_subject_credentials (id,"type","identity",secret,subject_id,created_at,updated_at,deleted_at) VALUES
	 ('2a5fac23-abe8-494e-a81a-036a1ed0f464','email_with_password','alexandre','$2a$10$uH1sZ9/fmLQsUGr1H3Vvj.86Nh6PpZcJgRMb0gBrl.qSTYdFmfNsK','0eda790a-e497-40a2-98fa-1bcc0222e305','2022-06-20 18:47:03.07+02','2022-06-20 18:47:06.084+02',NULL),
	 ('687d4332-4460-4d7f-a0c6-c14aa79a428d','email_with_password','nils','$2a$10$uH1sZ9/fmLQsUGr1H3Vvj.86Nh6PpZcJgRMb0gBrl.qSTYdFmfNsK','18fa26e9-5ce6-4393-9658-60f569ca04bc','2022-06-20 18:47:03.07+02','2022-06-20 18:47:06.084+02',NULL),
	 ('11636cdc-fa3a-483c-8520-ca690c484736','email_with_password','julien','$2a$10$uH1sZ9/fmLQsUGr1H3Vvj.86Nh6PpZcJgRMb0gBrl.qSTYdFmfNsK','2649124a-65d2-43e4-a574-d3db2a8ae191','2022-06-20 18:47:03.07+02','2022-06-20 18:47:06.084+02',NULL),
	 ('b53bbbba-4950-41c8-8e73-cce9e258052a','email_with_password','arsène','$2a$10$uH1sZ9/fmLQsUGr1H3Vvj.86Nh6PpZcJgRMb0gBrl.qSTYdFmfNsK','66db24e5-df22-444b-878b-fb8cfe4c6eed','2022-06-20 18:47:03.07+02','2022-06-20 18:47:06.084+02',NULL),
	 ('5ebd6bc7-22cb-4899-83f0-2268a0944404','email_with_password','simon','$2a$10$uH1sZ9/fmLQsUGr1H3Vvj.86Nh6PpZcJgRMb0gBrl.qSTYdFmfNsK','9ba4cab4-1f85-423f-a87a-fb6f12775718','2022-06-20 18:47:03.07+02','2022-06-20 18:47:06.084+02',NULL),
	 ('d3dec9f3-a5ba-4dc1-aea5-e603e912fc13','email_with_password','maximep','$2a$10$uH1sZ9/fmLQsUGr1H3Vvj.86Nh6PpZcJgRMb0gBrl.qSTYdFmfNsK','df1003b8-9e41-4303-ac7b-0c530baf9112','2022-06-20 18:47:03.07+02','2022-06-20 18:47:06.084+02',NULL);

INSERT INTO public.auth_subject_roles (id,subject_id,role_id,created_at,updated_at,deleted_at) VALUES
	 ('291297b0-fb21-4447-bbec-8990fc6ae1cc','0eda790a-e497-40a2-98fa-1bcc0222e305','28fae61c-8f60-4a29-ba0d-09093ada8898','2022-06-20 19:02:23.743+02','2022-06-20 19:02:26.06+02',NULL),
	 ('22f7aec0-e703-46bb-90a5-08c80b422e87','18fa26e9-5ce6-4393-9658-60f569ca04bc','cdccf05d-a8b9-4455-a373-595eae252adf','2022-06-20 19:02:23.743+02','2022-06-20 19:02:26.06+02',NULL),
	 ('f9e7ea0d-0fff-4cfc-b8b4-d3e43ce6a1d1','2649124a-65d2-43e4-a574-d3db2a8ae191','17027a3b-85e0-4ea6-8b02-e6941d4a6043','2022-06-20 19:02:23.743+02','2022-06-20 19:02:26.06+02',NULL),
	 ('519cc912-0ed1-402d-bc83-408157fe6673','66db24e5-df22-444b-878b-fb8cfe4c6eed','be5616ef-7335-472f-bdb0-0dea7f322f74','2022-06-20 19:02:23.743+02','2022-06-20 19:02:26.06+02',NULL),
	 ('9c17f0c8-c382-447d-9f1c-28c630dea0c4','9ba4cab4-1f85-423f-a87a-fb6f12775718','8923f1b4-b6c3-4356-957d-25386cb9c99c','2022-06-20 19:02:23.743+02','2022-06-20 19:02:26.06+02',NULL);

INSERT INTO public.user_emails (id,email,user_id,verification_token,is_verified,created_at,updated_at,deleted_at) VALUES
	 ('fc79e054-baef-4fda-b5bd-dedc2a47025e','alexis.b@example.com','b2dbc651-29db-444d-98f0-a1cc9067f96a','fe452bac-89d8-4b63-bb25-3cfa4386bfb1',false,'2022-06-20 18:10:23.185+02','2022-06-20 18:10:25.446+02',NULL),
	 ('3658087c-41b8-424e-925f-b6957831971b','maxime.p@example.com','95eabf92-cb23-43c1-8ab0-99464d28fa9e','bd87fd11-0671-4eee-ba5a-dc02a5059df1',true,'2022-06-20 18:10:23.185+02','2022-06-20 18:10:25.446+02',NULL),
	 ('1d50789c-c653-4c9e-88bd-66f2d64e6f96','maxime.f@example.com','d98ba006-1020-48fc-8997-6570224ee733','',true,'2022-06-20 18:10:23.185+02','2022-06-20 18:10:25.446+02',NULL),
	 ('108ca980-784b-4b12-94ae-b7e4a15ed351','alexandre@example.com','36b7665f-5a45-4cd0-ac2a-170f0f94e763','e49fcad7-d8b1-4aae-87d6-8f8153bb9a14',true,'2022-06-20 18:10:23.185+02','2022-06-20 18:10:25.446+02',NULL),
	 ('af790e87-10d2-4773-9cb2-2aa2776105d9','nils@example.com','5d7f7792-b36e-4555-b864-1b053f9db291','b404a004-60fd-4ad4-94c8-75c3e5d06f90',true,'2022-06-20 18:10:23.185+02','2022-06-20 18:10:25.446+02',NULL),
	 ('02326f3f-e849-4bb2-986c-222178164937','julien@example.com','62c076ed-1fde-47c8-9de7-f422bc3aca7f','3813d407-3ea7-4cda-827b-5174d4dc6b06',true,'2022-06-20 18:10:23.185+02','2022-06-20 18:10:25.446+02',NULL),
	 ('463217e7-a2db-4b6c-be36-bc76f2b8b531','arsène@example.com','8e2bb29c-c8b4-4d33-bf71-7b9e2a58da35','8ec5b0d9-42a1-455b-86c9-bf96451b88b9',true,'2022-06-20 18:10:23.185+02','2022-06-20 18:10:25.446+02',NULL),
	 ('8059d0ba-b90d-43dd-bd6e-b900a65a0adb','simon@example.com','e2944093-7d0d-4879-9a1c-7c4bd393b524','e68c1ca2-5b89-4031-9e3d-01f81f0ebe9b',true,'2022-06-20 18:10:23.185+02','2022-06-20 18:10:25.446+02',NULL),
	 ('6b589ea3-2714-407b-b595-dcb214827a05','alexis.l@example.com','0d62d27a-f016-4099-a7b8-6312840c42cd','7a6e0929-f745-4c43-a155-00833c61a81d',true,'2022-06-20 18:10:23.185+02','2022-06-20 18:10:25.446+02',NULL);

INSERT INTO public.user_settings (id,user_id,preferred_editing_language,preferred_language,created_at,updated_at,deleted_at) VALUES
	 ('8aff8e72-0143-4b26-9575-f8cfb7c82dd6','36b7665f-5a45-4cd0-ac2a-170f0f94e763','NODE','fr','2022-06-24 09:32:10.908+02','2022-06-24 09:32:15.092+02',NULL),
	 ('de54adbb-8fa6-4570-8016-d7dde0959b98','5d7f7792-b36e-4555-b864-1b053f9db291','PYTHON','fr','2022-06-24 09:32:10.908+02','2022-06-24 09:32:15.092+02',NULL),
	 ('8de3694d-dbd2-4dc9-9d32-d99538a06830','62c076ed-1fde-47c8-9de7-f422bc3aca7f','JAVA','fr','2022-06-24 09:32:10.908+02','2022-06-24 09:32:15.092+02',NULL),
	 ('3884aeb2-73a6-465c-9ca0-b8ac1f95a2ae','8e2bb29c-c8b4-4d33-bf71-7b9e2a58da35','RUST','fr','2022-06-24 09:32:10.908+02','2022-06-24 09:32:15.092+02',NULL),
	 ('331d545f-9e0b-44d2-b6c2-8035d2992b62','95eabf92-cb23-43c1-8ab0-99464d28fa9e','PYTHON','fr','2022-06-24 09:32:10.908+02','2022-06-24 09:32:15.092+02',NULL),
	 ('1ba37de6-c0b8-4685-bbdd-34d1cf0b9e93','d98ba006-1020-48fc-8997-6570224ee733','NODE','fr','2022-06-24 09:32:10.908+02','2022-06-24 09:32:15.092+02',NULL);
